<?xml version="1.0"?>
<!DOCTYPE module PUBLIC "-//Puppy Crawl//DTD Check Configuration 1.3//EN" "https://checkstyle.org/dtds/configuration_1_3.dtd">
<module name="com.puppycrawl.tools.checkstyle.Checker">
	<module name="SuppressionFilter">
		<property name="file" value="${config_loc}/checkstyle-suppressions.xml"/>
	</module>
	<module name="io.spring.javaformat.checkstyle.SpringChecks">
		<property name="avoidStaticImportExcludes" value="org.springframework.restdocs.cli.CliDocumentation.*,
				org.springframework.restdocs.cookies.CookieDocumentation.*"/>
	</module>
	<module name="com.puppycrawl.tools.checkstyle.TreeWalker">
		<module name="com.puppycrawl.tools.checkstyle.checks.imports.IllegalImportCheck">
			<property name="regexp" value="true" />
			<property name="illegalPkgs" value="^org\.hamcrest.*" />
		</module>
	</module>
</module>
